Iteration,Value
1,2.500000e-01
2,1.250000e-01
3,6.250000e-02
4,3.125000e-02
5,1.562500e-02
6,7.812500e-03
7,3.906250e-03
8,1.953125e-03
9,9.765625e-04
10,4.882812e-04
11,2.441406e-04
12,1.220703e-04
13,6.103516e-05
14,3.051758e-05
15,1.525879e-05
16,7.629395e-06