Iteration,Value
1,-4.242069e-01
2,9.510117e-02
3,4.959624e-03
4,1.381932e-05
5,1.073899e-10